recording_id,stage,status,outcome,tags,video
1789184842816428100,0-1,sampled_visual_review,unknown,single_operator;leaks,E:\Github\AI_vtuber\runtime\vision\timing-recordings\1789184842816428100\recording.avi
1789188273183555900,0-1,sampled_visual_review,unknown,navigation_only,E:\Github\AI_vtuber\runtime\vision\timing-recordings\1789188273183555900\recording.avi
1789188377481010800,0-1,sampled_visual_review,unknown,selection_without_verified_landing,E:\Github\AI_vtuber\runtime\vision\timing-recordings\1789188377481010800\recording.avi
1789189001944222600,0-1,sampled_visual_review,unknown,multiple_attempts_possible,E:\Github\AI_vtuber\runtime\vision\timing-recordings\1789189001944222600\recording.avi
1789189299438116500,0-1,sampled_visual_review,result_visible_unassigned_battle,result_visible;multiple_battles,E:\Github\AI_vtuber\runtime\vision\timing-recordings\1789189299438116500\recording.avi
1789190955389812100,0-1,sampled_visual_review,unknown,landing_visible,E:\Github\AI_vtuber\runtime\vision\timing-recordings\1789190955389812100\recording.avi
1789191085560346200,0-1,sampled_visual_review,unknown,landing_visible;result_not_sampled,E:\Github\AI_vtuber\runtime\vision\timing-recordings\1789191085560346200\recording.avi
1789191329861850200,0-1,sampled_visual_review,unknown,landing_visible,E:\Github\AI_vtuber\runtime\vision\timing-recordings\1789191329861850200\recording.avi
1789191508418725900,0-1,sampled_visual_review,unknown,multiple_attempts_possible;landing_visible,E:\Github\AI_vtuber\runtime\vision\timing-recordings\1789191508418725900\recording.avi
1789195766118489500,0-1,sampled_visual_review,result_visible_unassigned_battle,result_visible;leaks,E:\Github\AI_vtuber\runtime\vision\timing-recordings\1789195766118489500\recording.avi
1789196560969820800,0-1,sampled_visual_review,unknown,black_frames;landing_visible,E:\Github\AI_vtuber\runtime\vision\timing-recordings\1789196560969820800\recording.avi
1789196904939999900,0-1,sampled_visual_review,result_visible_unassigned_battle,result_visible;multiple_battles,E:\Github\AI_vtuber\runtime\vision\timing-recordings\1789196904939999900\recording.avi
1789197561879618200,0-1,sampled_visual_review,result_visible_unassigned_battle,result_visible;multiple_attempts_possible,E:\Github\AI_vtuber\runtime\vision\timing-recordings\1789197561879618200\recording.avi
1789197855612015500,0-1,sampled_visual_review,unknown,multiple_operators;result_not_sampled,E:\Github\AI_vtuber\runtime\vision\timing-recordings\1789197855612015500\recording.avi
1789198456111397300,0-1,sampled_visual_review,result_visible_unassigned_battle,result_visible;multiple_operators,E:\Github\AI_vtuber\runtime\vision\timing-recordings\1789198456111397300\recording.avi
1789198913388983900,0-1,sampled_visual_review,unknown,pause_stall;multiple_operators,E:\Github\AI_vtuber\runtime\vision\timing-recordings\1789198913388983900\recording.avi
1789199285160462700,0-1,sampled_visual_review,result_visible_unassigned_battle,pause_stall;result_visible,E:\Github\AI_vtuber\runtime\vision\timing-recordings\1789199285160462700\recording.avi
1789199579921108000,0-1,sampled_visual_review,result_visible_unassigned_battle,result_visible;multiple_operators,E:\Github\AI_vtuber\runtime\vision\timing-recordings\1789199579921108000\recording.avi
1789200166568970700,0-1,incomplete_recording,unknown,incomplete_recording,E:\Github\AI_vtuber\runtime\vision\timing-recordings\1789200166568970700\recording.avi
1789200188330425500,0-1,sampled_visual_review,result_visible_unassigned_battle,black_frames;result_visible;prior_audit_available,E:\Github\AI_vtuber\runtime\vision\timing-recordings\1789200188330425500\recording.avi
1789204077284592600,0-1,sampled_visual_review,result_visible_unassigned_battle,result_visible;multiple_attempts_possible,E:\Github\AI_vtuber\runtime\vision\timing-recordings\1789204077284592600\recording.avi
1789204281186668600,0-1,sampled_visual_review,unknown,skill_ready_not_activation,E:\Github\AI_vtuber\runtime\vision\timing-recordings\1789204281186668600\recording.avi
1789204546448229000,0-1,sampled_visual_review,unknown,skill_ready_not_activation,E:\Github\AI_vtuber\runtime\vision\timing-recordings\1789204546448229000\recording.avi
1789204736207059000,0-1,sampled_visual_review,unknown,skill_ready_not_activation,E:\Github\AI_vtuber\runtime\vision\timing-recordings\1789204736207059000\recording.avi
1789205046881017900,0-1,sampled_visual_review,result_visible_unassigned_battle,result_visible;skill_activation_not_proven_by_samples,E:\Github\AI_vtuber\runtime\vision\timing-recordings\1789205046881017900\recording.avi
1789205318840922400,0-1,sampled_visual_review,unknown,high_ground_selection_stall,E:\Github\AI_vtuber\runtime\vision\timing-recordings\1789205318840922400\recording.avi
1789205816972364400,0-1,sampled_visual_review,result_visible_unassigned_battle,result_visible;two_stars_prior_review;multiple_operators,E:\Github\AI_vtuber\runtime\vision\timing-recordings\1789205816972364400\recording.avi
1789207081535525300,0-7,sampled_visual_review,unknown,pause_stall;continuation,E:\Github\AI_vtuber\runtime\vision\timing-recordings\1789207081535525300\recording.avi
1789207355296093500,0-7,sampled_visual_review,result_visible_unassigned_battle,result_visible;three_stars_prior_review;continuation,E:\Github\AI_vtuber\runtime\vision\timing-recordings\1789207355296093500\recording.avi
1789208126958306200,0-7,sampled_visual_review,unknown,pause_stall;continuation,E:\Github\AI_vtuber\runtime\vision\timing-recordings\1789208126958306200\recording.avi
1789208386628373700,0-7,sampled_visual_review,unknown,result_not_sampled;program_incomplete_prior_review,E:\Github\AI_vtuber\runtime\vision\timing-recordings\1789208386628373700\recording.avi
1789704048246665500,0-1,sampled_visual_review,unknown,short_recording,E:\Github\AI_vtuber\runtime\vision\timing-recordings\1789704048246665500\recording.avi
1789704147761949200,0-1,sampled_visual_review,unknown,practice;multiple_operators;result_not_sampled,E:\Github\AI_vtuber\runtime\vision\timing-recordings\1789704147761949200\recording.avi
1789705302565198100,,sampled_visual_review,unknown,practice;pause_stall;stage_identity_unverified,E:\Github\AI_vtuber\runtime\vision\timing-recordings\1789705302565198100\recording.avi
1789706005705261900,,sampled_visual_review,unknown,practice;pause_stall;stage_identity_unverified,E:\Github\AI_vtuber\runtime\vision\timing-recordings\1789706005705261900\recording.avi
1789706929861516100,,sampled_visual_review,unknown,practice;pause_stall;stage_identity_unverified,E:\Github\AI_vtuber\runtime\vision\timing-recordings\1789706929861516100\recording.avi
1789708672484199000,,sampled_visual_review,unknown,practice;pause_stall;stage_identity_unverified,E:\Github\AI_vtuber\runtime\vision\timing-recordings\1789708672484199000\recording.avi
settings-20260910,,sampled_visual_review,not_a_battle,settings_game;settings_sound;home;duplicate_copy_excluded,E:\Github\AI_vtuber\video\2026-09-10 00-51-41.mp4
